"","Location"
"1","43 Southwark Park Road, SE16, London, UK"
"2","49 Southwark Park road, Bermondsey, SE16, London, UK"
"3","84 Southwark Park Road, SE16, London, UK"
"4","141 Braidwood Road, Catford SE6, London, UK"
"5","129 Killearn Road, Catford SE6, London, UK"
"6","27 Crutchley Road, Downham, London, UK"
"7","Sandhurst Road School, Catford, SE6, London, UK"
"8","5 Bacon Grove, Bermondsey, SE1, London, UK"
"9","54 Laleham Road Catford, SE6, London, UK"
"10","5 Chalsey Road, Brokerley, SE6, London, UK"
"11","84 Tyrwhitt Road, Brockley, SE4, London, UK"
"12","20 Jutland Road, Catford SE6, London, UK"
"13","Jutland Road Catford SE6, London, UK"
"14","86 Torridon Road, Catford SE6, London, UK"
"15","91 Ardgowan Road, Catford SE6, London, UK"
"16","96 Tressillain Road, Brockley SE4, London, UK"
"17","Tustin Street, Camberwell, SE16 , London, UK"
"18","503 Old Kent Road, SE1, London, UK"
"19","Avondale Square SE1, London, UK"
"20","115 Fordel Road, Lewisham SE13, London, UK"
"21","108 Fordel  Road, Catford, SE6, London, UK"
"22","138 Engleheart Road, Catford,SE6, London, UK"
"23","Adelaide Avnue, Brockley SE4, London, UK"
"24","Nos 82-184 inclusive, London, UK"
"25","Ivy Lane, Brockley, SE4, London, UK"
"26","Verney Road, Old Kent Road, SE16, London, UK"
"27","Verney Road, Old Kent Road, SE16, London, UK"
"28","127 Minard Road, Catford, SE6, London, UK"
"29","124 Southwark Park Road, SE16, London, UK"
"30","613 Old Kent Road Se15, London, UK"
"31","709 Old Kent Road SE1, London, UK"
"32","348 St. James' Road SE1, London, UK"
"33","Sportsbank Street, Catford, SE6., London, UK"
"34","101 Storks Road, Bermondsey, SE16, London, UK"
"35","91 Ardgowan Road, Catford SE6, London, UK"
"36","Chadwick road, Peckham, SE15, London, UK"
"37","9 Love Walk, Camberwell, SE5, London, UK"
"38","27 Claude Road, Peckham SE15, London, UK"
"39","33 Claude Road, Peckham, SE15, London, UK"
"40","190 Rye Lane, Peckham, SE15, London, UK"
"41","290 Southampton Way, Peckham, SE15, London, UK"
"42","77 Rye Lane, Peckham, SE15, London, UK"
"43","75 Rye Lane, Peckham, SE15, London, UK"
"44","66 East Surrey Grove, Peckham SE15, London, UK"
"45","91 Coleman Road, Camberwell, SE5, London, UK"
"46","58 Brownhill Road, Catford, London, UK"
"47","7 Nunhead Green, Camberwell, SE15, London, UK"
"48","727, Old Kent Road, Camberwell, SE15, London, UK"
"49","52 Brownhill Road , London, UK"
"50","84 Tressillain Road, Brockley SE4, London, UK"
"51","83 Grange Road, Bermondsey, SE1, London, UK"
"52","52 Southwark Park Road, SE16, London, UK"
"53","Prince Edward Road, E9, London, UK"
"54","12, Jewell Street, Mile End. E1, London, UK"
"55","12 Harford St, Stepney E1, London, UK"
"56","Hazelbank Road, Catford SE6, London, UK"
"57","Plough Way, SE16, London, UK"
"58","Plough Way, SE16, London, UK"
"59","28 Ringstead Road, Catford, SE6, London, UK"
"60","786 Old Kent Road, Camberwell, SE15, London, UK"
"61","7, Devonshire Grove, SE15, London, UK"
"62","Bromley Road, Catford, SE6, London, UK"
"63","42 Brown Hill Road, Catford, SE6, London, UK"
"64","39 Loampit Vale, Lewisham SE13, London, UK"
"65","19 Vivian Roan, Bethnal Green E2, London, UK"
"66","Milton Court Road, New Cross, Se14, London, UK"
"67","39 Gilmore Road, Lewisham SE13, London, UK"
"68","3 Drivers Buildings, Mile End Rd E1, London, UK"
"69","110, Skidmore Street, London, UK"
"70","Royal Arsenal, Woolwich, SE18, London, UK"
"71","Royal Arsenal, Woolwich, SE18, London, UK"
"72","Royal Arsenal, Woolwich, SE18, London, UK"
"73","Royal Arsenal, Woolwich, SE18, London, UK"
"74","Royal Arsenal, Woolwich, SE18, London, UK"
"75","Royal Arsenal, Woolwich, SE18, London, UK"
"76","Royal Arsenal, Woolwich, SE18, London, UK"
"77","Royal Arsenal, Woolwich, SE18, London, UK"
"78","Royal Arsenal, Woolwich, SE18, London, UK"
"79","Royal Arsenal, Woolwich, SE18, London, UK"
"80","Royal Arsenal, Woolwich, SE18, London, UK"
"81","Royal Arsenal, Woolwich, SE18, London, UK"
"82","Bolsoms Ltd.(Furnishing Co.) Lewisham High Street, SE13, London, UK"
"83","Chiesmans Depository, Lewisham High Street, SE13, London, UK"
"84","Newby Place, Poplar E14, London, UK"
"85","Old Tram Yard, Lakedale Road, Plumstead, SE18, London, UK"
"86","Old Tram Yard, Lakedale Road, Plumstead, Se18, London, UK"
"87","Lakedale Road and plumstead High Street SE18, London, UK"
"88","70 Croft Street Deptford, SE8, London, UK"
"89","41 Windmill Lane, Deptford, Se8, London, UK"
"90","61 Basildon Road Abbey Wood, SE2, London, UK"
"91","35 Basildon Road, Abbey Wood, SE2, London, UK"
"92","Basildon Road, Abbey Wood, SE2, London, UK"
"93","Cordelia Street, Poplar E14, London, UK"
"94","13 Cordelia Street, Poplar, E14, London, UK"
"95","Poplar High Street, Poplar, E14, London, UK"
"96","The Vicarage, Poplar, E14, London, UK"
"97","Colin Street, Bromley-By-Bow E3, London, UK"
"98","Empson St, Bromley-By-Bow E3, London, UK"
"99","Marner St School, Marner Street E3, London, UK"
"100","St. Leonards Wharf, Bromley E3, London, UK"
"101","242 Brunswick Rd, Poplar, E14, London, UK"
"102","242, Brunswick Rd, Poplar, E14, London, UK"
"103","240 Brunswick Rd, Poplar, E14, London, UK"
"104","240 Brunswick Rd, Poplar, E14, London, UK"
"105","Empson St Bromley E3, London, UK"
"106","Colin Street, Bromley-By-Bow, E3, London, UK"
"107","Friendsliy Place, Greenwhich SE10, London, UK"
"108","26, Bruce Road, Poplar, Greater London E3 3, London, UK"
"109","141 Albert Road, North Woolwich E16, London, UK"
"110","143 Albert Road, North Woolwich E16, London, UK"
"111","145 Albert Road, North Woolwich E16, London, UK"
"112","147 Albert Road, North Woolwich E16, London, UK"
"113","9 Sevenoaks Road Brokerley SE4, London, UK"
"114","11 Sevenoaks Road, Brockley, SE4, London, UK"
"115","Bruce RD, Bromley E3, London, UK"
"116","459 Brockley Road, Brocklet SE4, London, UK"
"117","Bruce RD, Bromley E3, London, UK"
"118","46 Bruce Rd, Bromley E3, London, UK"
"119","142 Foxberry Road, Brockley, SE4, London, UK"
"120","75 ComerfordRoad Brockley se4, London, UK"
"121","Royal Arsenal, Woolwich, SE18, London, UK"
"122","Creek Bridge, Creek Road, Greenwich SE10, London, UK"
"123","Three Mill Lane, Greater London E3 3, London, UK"
"124","Edward Street SE14, London, UK"
"125","35 Colwick Street Deptford SE8, London, UK"
"126","Deptford Park, Evelyn Street, Deptford, SE8, London, UK"
"127","Church hill Woolwich, SE18, London, UK"
"128","Kingsman Street, Woolwich, SE18, London, UK"
"129","Sunsbury Street, Woolwich SE18, London, UK"
"130","Glenalvon Street, Woolwich SE18, London, UK"
"131","Woolwich Church Street, Woolwich SE18, London, UK"
"132","Artillery Place, Wollwich SE18, London, UK"
"133","Powis Street, Woolwich SE18, London, UK"
"134","Chapel Hill, Woolwich SE18, London, UK"
"135","Woolwich high Street, Woolwich SE18, London, UK"
"136","John Wilson Street, Woolwich SE18, London, UK"
"137","Plumstead Road, Woolwich SE18, London, UK"
"138","Paradise Place Woolwich SE18, London, UK"
"139","14, Three Mill Lane, Greater London, E3, London, UK"
"140","1 Reeves Road, Bow, E3, London, UK"
"141","Ebenezer Place, Chrisp Street, Poplar, E14, London, UK"
"142","120 Chrisp Street, Poplar, E14, London, UK"
"143","Wotton Way, Deptford, SE8, London, UK"
"144","18 Sevenoaks Road, Crofton park, SE4, London, UK"
"145","8 Sevenoaks Road Crofton Park, SE4, London, UK"
"146","112 Foxberry Road, Brockley, London, UK"
"147","Reeves Road, Bow, E3, London, UK"
"148","4 Pier Road, North Woolwich, E16 , London, UK"
"149","Royal Dockyard, Woolwich, London, UK"
"150","Royal Dockyard, Woolwich, London, UK"
"151","Royal Dockyard, Woolwich, London, UK"
"152","Royal Dockyard, Woolwich, London, UK"
"153","Royal Dockyard, Woolwich, London, UK"
"154","Royal Dockyard, Woolwich, London, UK"
"155","Royal Dockyard, Woolwich, London, UK"
"156","Royal Dockyard, Woolwich, London, UK"
"157","Royal Dockyard, Woolwich, London, UK"
"158","Commonwealth Buildings, Woolwich Curch Street, SE18, London, UK"
"159","Commonwealth Buildings, Woolwich Curch Street, SE18, London, UK"
"160","Commonwealth Buildings, Woolwich Curch Street, SE18, London, UK"
"161","Commonwealth Buildings, Woolwich Curch Street, SE18, London, UK"
"162","Bowater Road, Woolwich SE18, London, UK"
"163","Samuel Street, Woolwich SE18. Nos.148-154 inclusive, London, UK"
"164","Samuel Street, Woolwich SE18, London, UK"
"165","Red Barracks, Francis Street, Woolwich SE18, London, UK"
"166","13 Walerand Road Lewisham, SE13, London, UK"
"167","Honor Oak Road, Forest Hill SE23, London, UK"
"168","Devons Road, Bromley, E3, London, UK"
"169","Empson Street, Bromley, E3, London, UK"
"170","Albert Road, North Wollwich, E16, London, UK"
"171","Brewery Wharf, Creek Road, Greenwich, SE10, London, UK"
"172","Hyde Vale Greenwich S10, London, UK"
"173","Catherine Grove, Greenwich SE10, London, UK"
"174","70 Crooms Hill, Greenwich SE10, London, UK"
"175","West Ferry Road, Millwall, E14, London, UK"
"176","West Ferry Road, Millwall, E14, London, UK"
"177","457 Brockley Road, Brockley SE4, London, UK"
"178","Glebe Terrace, Bow E3, London, UK"
"179","Conduit House, Hyde Vale, Greenwich SE10, London, UK"
"180","Bexley Road Eltham, SE9, London, UK"
"181","599 Manchester Road, Cubitt Town, E14, London, UK"
"182","47 Lewisham Road SE10, London, UK"
"183","Hollyhedge House, Blackheath, SE3, London, UK"
"184","117 Sedgeway, Catford, SE6, London, UK"
"185","201 Boundfield Road, Downham, London, UK"
"186","30 Brandham Road, Lee Se12, London, UK"
"187","Uplands Brandram, Road, Lee SE12, London, UK"
"188","1 Elliot park, Blackheath, SE3, London, UK"
"189","Brandham Road, Lee, SE12, London, UK"
"190","25 Dowanhill Road, Catford, Se6, London, UK"
"191","Alms House, Brandham, Lee, SE12, London, UK"
"192","Tunnel Avenue, Greenwich, SE10, London, UK"
"193","34 Grantley Street, Mile End E1, London, UK"
"194","St. Catherine's Vicarage, Pepys's Road, New Cross, SE14, London, UK"
"195","27, Elsdale Street, Hackney, E9, London, UK"
"196","40 Harford Street, Stepney, E1, London, UK"
"197","Garnett Street Stepney E1, London, UK"
"198","North Woolwich Road E16, London, UK"
"199","Gervase Street, Camberwell, SE16, London, UK"
"200","Crofton Park Railway Station, Brockley, SE4, London, UK"
"201","100 Skidmore Street, Stepney E1, London, UK"
"202","25 Goodwood Road, Newcross, SE14, London, UK"
"203","Surrey Commercial Docks, SE16, London, UK"
"204","250 Silver Walk, Rotherhithe Street, Se16, London, UK"
"205","660 Rotherhithe Street, Se16, London, UK"
"206","Milbourne St, Hackney E9, London, UK"
"207","Arnold Road, Bow E3, London, UK"
"208","West Ferry Road, Millwall, E14, London, UK"
"209","8 Lanbury Road, Camberwell SE15, London, UK"
"210","Thornham Street Greenwich SE10, London, UK"
"211","46-48 Comerford Road, 41-53 Comerford Road, Brockley, SE4, London, UK"
"212","12 Buckthorne Road, Corfton Park SE4, London, UK"
"213","Morden Wharf Road, Greenwich SE10, London, UK"
"214","Tunnel Avenue, Greenwich, SE10, London, UK"
"215","Tunnel Avenue, Greenwich, SE10, London, UK"
"216","58 Sydenham Road, Sydenham, SE26, London, UK"
"217","40 Batavia Road, New Cross SE14, London, UK"
"218","Swedish yard, Surrey, Commercial Docks, SE16, London, UK"
"219","Barnards Wharf 341, Rotherhithe Street, SE16, London, UK"
"220","Rotherhithe Street, SE16, London, UK"
"221","299 Rotherhithe Street, SE16, London, UK"
"222","Redriff School, Rotherhithe Street, SE16, London, UK"
"223","1 Redriff Road, Rotherhithe, SE16, London, UK"
"224","12 Jewel Street, Stepney E1, London, UK"
"225","128 Aylward Street, Stepney E1, London, UK"
"226","Wapping Wall E1, London, UK"
"227","Sidney Street Stepney E1, London, UK"
"228","Greenwich foot subway, London, UK"
"229","39 Saundersness Road, Cubitt Town, E14., London, UK"
"230","Nos. 81-8 Yarrow House, Glengall Grove, Millwall, E14, London, UK"
"231","8 Maudesley House, Glengall Grove, Millwall, E14, London, UK"
"232","8 Hibbert House, Glengall Grove, Millwall, E1, London, UK"
"233","332 Hibbert House, Glengall Grove, Millwall, E1, London, UK"
"234","39 Whitbread Road, 31-49 Whitbread Road, Brockley, SE4, London, UK"
"235","2a Kneller Road, Brockley, SE4, London, UK"
"236","3 Kneller Road, Brockley, SE4, London, UK"
"237","Sutton Dweillings, Chilton Grove, Deptford, SE8, London, UK"
"238","Greenstead Road, Deptford SE8, London, UK"
"239","Well St, Hackney, E9, London, UK"
"240","360 Stepney Way, E1, London, UK"
"241","10 Stepney High Street, E1, London, UK"
"242","42 Stephney High Street E1, London, UK"
"243","Aylward Street London E1 OQW, London, UK"
"244","Westferry Road, Millwall, E14, London, UK"
"245","Old Kent Road, SE1, London, UK"
"246","Devon Street, SE1, London, UK"
"247","St. Catherine's Church,Pepys Rd, Lewisham, London SE14, United Kingdom, London, UK"
"248","3 Blackheath Vale, Blackheath SE3, London, UK"
"249","22 Blackheath Vale, Blackheath SE3, London, UK"
"250","48 Eglinton Hill, Plumstead, SE18, London, UK"
"251","Brent Road, Plumstead, SE18, London, UK"
"252","Trundley's Road, Deptford, SE16, London, UK"
"253","Milborne St, Hackney E9, London, UK"
"254","East India Dock Rd, London, UK
Poplar, Greater London E14, London, UK"
"255","Thomas Road E14, London, UK"
"256","Manchester Road, Cubitt Town, E14, London, UK"
"257","Manchester Road, Cubitt Town, E14, London, UK"
"258","Bolinn Road, Deptford, SE16, London, UK"
"259","Avonley Road, Newcross, SE14, London, UK"
"260","15-21 Hundson Road, Newcross, SE14, London, UK"
"261","25, Upcott Street, SE15, London, UK"
"262","Jeringham Road, Newcross, SE14, London, UK"
"263","26 Bushmoor Crescent, Plumstead, SE18, London, UK"
"264","22 Matlock Street, Poplar, Greater London E14 7, London, UK"
"265","Burdett Road, E3, London, UK"
"266","Dudgeons Wharf, Manchester Road, Cubitt town, E14, London, UK"
"267","Transporter Yard, East Ferry Road, Millwall, E14, London, UK"
"268","207 Waller Road, Newcross, SE14, London, UK"
"269","Riverway, Blackwall Lane, East Greenwich, SE10, London, UK"
"270","Riverway, Blackwall Lane, East Greenwich, SE10, London, UK"
"271","94-120, Riverway, Blackwall Lane, East Greenwich, SE10, London, UK"
"272","100-108 Riverway, Blackwall Lane, East Greenwich, SE10, London, UK"
"273","North Atlantic Import Shed, Finland Yard Surrey, Commercial Docks, SE16, London, UK"
"274","2 Hick Street, Rotherhithe, SE16, London, UK"
"275","Priory Place, Well Street, Hackney E9, London, UK"
"276","275 Bancroft Road, Tower Hamlets London E1, London, UK"
"277","4 Ainsworth Road, Hackney, E2, London, UK"
"278","North Woolwich Roads E, London, UK"
"279","307 Stepney Way E1, London, UK"
"280","Glengall Grove, Millwall, E14, London, UK"
"281","112 Waller Road, Newcross, SE14, London, UK"
"282","Lewisham High Street, Se13, London, UK"
"283","97 Ainsworth Road, Hackney E9, London, UK"
"284","Wellington Way Buildings, Wellington Way, Bow E3, London, UK"
"285","Stebondale St, London, UK
Poplar, Greater London E14 3, London, UK"
"286","Bow Rd, London, UK
Poplar, Greater London E3, London, UK"
"287","Old Gravel Lane, Wapping E1, London, UK"
"288","Axminster Road, Holloway, N7, London, UK"
"289","Axminster Road, Holloway, N7, London, UK"
"290","Waller Road, Newcross, SE14, London, UK"
"291","Loampit Vale Lewisham, SE13, London, UK"
"292","Canon Wharf, Evelyn Street, Deptford,SE8, London, UK"
"293","97 Stebondal Street Cubitt Town E14, London, UK"
"294","48 Stebondale Street, Cubitt Town E14, London, UK"
"295","75, Stebondale Street Cubitt Town E14, London, UK"
"296","White Horse Rd, Tower Hamlets, London E1, UK, London, UK"
"297","Childeric Road, Newcross, SE14, No's 21-61 and 10 40, London, UK"
"298","Ruddigore Road, Newcross, SE14, No's 2-16 and 1-9 , London, UK"
"299","Ruddigore Road, Newcross, SE14, , London, UK"
"300","12 St Austell Rd, Lewisham, Greater London SE13 7, London, UK"
"301","Morden Wharf Road, Greenwich SE10, London, UK"
"302","Tunnel Avenue, Greenwich, SE10, London, UK"
"303","215 Brockley Road, Forest Hill, SE23, London, UK"
"304","110 Gosterwood Street, Deptford, SE8, London, UK"
"305","81 Plough Way, Rotherhithe SE16, London, UK"
"306","4 Ainsworth RD, Hackney, E9, London, UK"
"307","Addington Road, Bow E3, London, UK"
"308","86, Manchester Road, Cubitt Town E14, London, UK"
"309","9 Merchant Street Bow, E3, London, UK"
"310","33 Merchant Street, Bow, E3, London, UK"
"311","78 Merchant Street, Bow, E3, London, UK"
"312","13 Bartram Road, Brockley, SE4, London, UK"
"313","11 Bartram Road, Brockley, SE4, London, UK"
"314","75 Chilton Grove,Deptford SE8, London, UK"
"315","Stepney Green, E1, London, UK"
"316","Stepney Causeway, Stepney, E1, London, UK"
"317","Latimer Street, Stepney, E1, London, UK"
"318","293, Tunnel Avenue, Greenwich SE10, London, UK"
"319","Clemence St, London, UK
Poplar, Greater London E14 7, London, UK"
"320","Locksley St, Tower Hamlets, London E14 7EJ, London, UK"
"321","270 Ardgowan Road, Catford, SE6, 293 Torridon Road Catford SE6, London, UK"
"322","38a Stondon Park, Forest Hill, SE23, London, UK"
"323","Blackhorse Road, Deptford SE8, London, UK"
"324","209a, Mile End Road E1, London, UK"
"325","15, Harford Street, Stepney E2, London, UK"
"326","35 Grantely Street, Mile End E1, London, UK"
"327","Drawn Buildings, Adelina Grove, Stepney E1, London, UK"
"328","St Clement's Hostel, Bow Road E3, London, UK"
"329","28, Bow Road, Bow E3, London, UK"
"330","113-149 Stebondale Street. Cubitt Town E14, London, UK"
"331","156-194 Stebondale Street Cubitt Town E14, London, UK"
"332","101-111 Stebondale Street, Cubitt Town E14, London, UK"
"333","38 Cayley Street, E14, London, UK"
"334","Harford Street E1, London, UK"
"335","Gibbon Road, Camberwell, SE15, London, UK"
"336","733b, Old Kent Road, SE15, London, UK"
"337","735-737 Old Kent Road SE15, London, UK"
"338","Buchan Road, Camberwell, SE15, London, UK"
"339","Lewisham high Street SE13, London, UK"
"340","Lower Road, Rotherhithe, SE16, London, UK"
"341","A Yard, Millwall Dock E14, London, UK"
"342","84a, West Ferry Road, Millwall E14, London, UK"
"343","Dunoon Road, Forest Hill, SE23, London, UK"
"344","Knoyle Street, New Cross, SE14, London, UK"
"345","Mornington Road, Bow E3, London, UK"
"346","32, Devas Street, Poplar E14, London, UK"
"347","45-47 Mile End Road, Stepney, E1, London, UK"
"348","Spert St, London, UK
Tower Hamlets, London E14 8EB, London, UK"
"349","13 Bartham Road, Brockley, SE4, London, UK"
"350","Bow Road, Bow E3, London, UK"
"351","62 Ashton Street E14, London, UK"
"352","Cottage Street, Poplar, E14, London, UK"
"353","Commercial Rd, Poplar, Greater London E1, London, UK"
"354","51 Lewisham Hill, SE13, London, UK"
"355","53 Lewisham Hill, SE13, London, UK"
"356","55 Lewisham Hill, SE13, London, UK"
"357","57 Lewisham Hill, SE13, London, UK"
"358","Carlton Works, Glengall Grove, Millwall, E14, London, UK"
"359","Carlton Works, Glengall Grove, Millwall, E14, London, UK"
"360","309, New Cross Road, New Cross SE14, London, UK"
"361","Woolwich Road, Charlton, SE10, London, UK"
"362","72, Codrington Hill, Forest Hill, SE23, London, UK"
"363","5 Stondon Park, Forest Hill, SE23, London, UK"
"364","24 Codrington Hill, Forest Hill, SE23, London, UK"
"365","14, Glaskin Mews E9, London, UK"
"366","Methodist Church, Stebondale Street, Cubitt Town E14. 151-163 Stebondale Street Cubitt Town E14. 100-124 Stebondale Street Cubitt Town E14, London, UK"
"367","North Side, Import Dock, West India Docks E14, London, UK"
"368","Lying at North Side Import Dock, West India Docks E14, London, UK"
"369","Masters Street E1, London, UK"
"370","Tidey Street E14, London, UK"
"371","St Paul's Way, E3, London, UK"
"372","Raine Street, Tower Hamlets, London E1W, London, UK"
"373","272 New Cross Road, SE15, London, UK"
"374","Aston Street E14, London, UK"
"375","West Ferry Road, Millwall E14, London, UK"
"376","Stockholme Street, Rotherhithe, SE16, London, UK"
"377","Samudas Wharf, Manchester Road, Cubitt Town, E14, London, UK"
"378","Samudas Wharf, Manchester Road, Cubitt Town, E14, London, UK"
"379","Samudas Wharf, Manchester Road, Cubitt Town, E14, London, UK"
"380","Leven Street, Poplar, E14, London, UK"
"381","St. Leonard's Wharf, Brunswick Road, Poplar E14, London, UK"
"382","Narrow Street, Limehouse, E14, London, UK"
"383","45 Yatton street, Poplar, E14, London, UK"
"384","Commercial Rd, Poplar, Greater London E1, London, UK"
"385","583, Commercial Road, Stepney E1, London, UK"
"386","South Side Coal Wharf, Mile End Road E3, London, UK"
"387","Selsey Street E14, London, UK"
"388","333/339, Mile End Road E1, London, UK"
"389","Mile End Road, E, London, UK"
"390","Advance House, Talwin Street, Bromley E3, London, UK"
"391","94 St.Leonard's Road, Poplar, E14, London, UK"
"392","Tooke Street, Millwall E14, London, UK"
"393","11 Tooke Street, Millwall E14, London, UK"
"394","St Leonards Road, Poplar, E14, London, UK"
"395","Import Dock, East India Docks, Poplar E14, London, UK"
"396","St Leonard's Road, Poplar E14, London, UK"
"397","Eastern Dock, 10 Warehouse, London Dock, E1, London, UK"
"398","St. James' Church, St. James'  Road, Newcross, SE14, London, UK"
"399","Commercial Road, Stepney  E1, London, UK"
"400","122 Lewisham High Street, Lewisham SE13, London, UK"
"401","Dundee Wharf, Limehouse, E14, London, UK"
"402","566, Cable Street , Stepney E1, London, UK"
"403","24, Maria Street, Millwall E14, London, UK"
"404","52 Malabar Street, Millwall, E14, London, UK"
"405","733, Old Kent Road, SE15, London, UK"
"406","Morant St, London, UK
Poplar, Greater London E14, London, UK"
"407","Harford Street, Stepney, E1, London, UK"
"408","13 Laurie Grove, Deptford, SE14, London, UK"
"409","Town Hall, Newcross, SE14, London, UK"
"410","Vesta Road, Newcross, SE14, London, UK"
"411","131 Pepy's Road, Newcross, SE14, London, UK"
"412","129 Pepy's Road, Newcross, SE14, London, UK"
"413","123 Pepy's Road, Newcross, SE14, London, UK"
"414","97 Pepy's Road, Newcross, SE14, London, UK"
"415","23 Pepy's Road, Newcross, SE14, London, UK"
"416","91 Pepy's Road, Newcross, SE14, London, UK"
"417","53 Stewart Road, Nunhead, SE15, London, UK"
"418","poplar Docks, Preston Road, Poplar, E14, London, UK"
"419","21 Pepy's Road, Newcross, SE14, London, UK"
"420","29 Pepy's Road, Newcross, SE14, London, UK"
"421","Newcross Gate, Newcross, SE14, London, UK"
"422","104 Skidmore street. Stepney, E1, London, UK"
"423","Deptford Church Street, SE8, London, UK"
"424","Coutts Rd E.3, London, UK"
"425","North Quay, West, India Docks, E14, London, UK"
"426","141 Jeringham Road, Newcross SE14, London, UK"
"427","150 Jeringham Road, Newcross SE14, London, UK"
"428","165 Jeringham Road, Newcross SE14, London, UK"
"429","Newcross Road, Opposite tram depot, Newcross SE14, London, UK"
"430","146 Jeringham Road Newcross, SE14, London, UK"
"431","24 Lewisham Way, Lewisham SE, London, UK"
"432","123 St. Asaph's Rpad, Brokeley, SE4, London, UK"
"433","87 Foxberry Road, Brockley, SE4, London, UK"
"434","8 Sevenoaks Road Crofton Park, SE4, London, UK"
"435","2-8 Odessa Street, Rotherhithe Street Se16, London, UK"
"436","South Wharf River, Ambulance Service, Rotherhithe Street, SE16, London, UK"
"437","2-119 Elgar Street, Rotherhithe, SE16, London, UK"
"438","591, Commercial Road, Stepney E1, London, UK"
"439","91 Shandy Street, Stepney, E1, London, UK"
"440","83 Ernest Street, Stepney, E1, London, UK"
"441","61 Ernest Street, Stepney E1, London, UK"
"442","15 Shandy Street, E1, London, UK"
"443","112 Harford Street, Stepney E1, London, UK"
"444","66 Shandy Street, Stepney E1, London, UK"
"445","91 Stebondale Street, Cubbitt Town, E14, London, UK"
"446","St. John's  Church, Woodman Street, North Woolwich, E16, London, UK"
"447","116 Erlanger Road, Newcross, SE14, London, UK"
"448","102 Erlanger Road, Newcross, SE14, London, UK"
"449","4 Brandham Road, Lee SE12, London, UK"
"450","2 Brandham Road Lee SE12, London, UK"
"451","1 Brandham Road Lee SE12, London, UK"
"452","Dowanhill Road, Catford, SE6, London, UK"
"453","Berger Hall Empson Street, Bromley-by-Bow E3, London, UK"
"454","31, 33, and 35, Venue St, Poplar E14 , London, UK"
"455","Venue Street, Tower Hamlets, London E14 6QA, London, UK"
"456","7 Birkhall Road, Catford SE6, London, UK"
"457","403-405 East India Dock Road, Poplar E14, London, UK"
"458","Shandy Street, E.1, London, UK"
"459","Blackheath SE10, London, UK"
"460","Blackheath Hill, Blackheath Se10, London, UK"
"461","7 Braywood Road, Eltham SE9, London, UK"
"462","Mile End RD E, London, UK"
"463","Narrow Street, Stepney E1, London, UK"
"464","Ormside Street, Camberwell, SE15, London, UK"
"465","65 Drakefell Road, Brokeley, SE4, London, UK"
"466","Sheridan Street Stepney E1, London, UK"
"467","150 Erlanger Road, Newcross, SE14, London, UK"
"468","Shadwell Lane, Stepney E1, London, UK"
"469","63 Cressingham Road, Lewisham, SE13, London, UK"
"470","64 Wickham Road, Brockley, SE4, London, UK"
"471","24 Oldfield Road, Rotherhithe, SE16, London, UK"
"472","13 Pedro St, Clapton E5, London, UK"
"473","St Leonard's Avenue, Poplar E14, London, UK"
"474","Millwall Recreation Ground, E14, London, UK"
"475","Globe Rope Works, East Ferry Road, , Millwall E14, London, UK"
"476","A Yard Millwall Docks, E14, London, UK"
"477","Cantrell Road, E3, London, UK"
"478","Yeoman Street, Deptford SE8, London, UK"
"479","31 Preston Street, Bethnal Green, E2, London, UK"
"480","Vesey Street, Poplar E14, London, UK"
"481","Brunswick Square, WC1, London, UK"
"482","Brunswick Square, WC1, London, UK"
"483","Tamar Street, Charlton, SE7, London, UK"
"484","Holbeach Road Catford, SE6, London, UK"
"485","Catford Greyhound Staium, Catford SE6, London, UK"
"486","Mountsfeild park, Catford SE6, London, UK"
"487","7, King John Street, Poplar, Greater London, E1 3, London, UK"
"488","276 Newcros Road, Newcross SE14, London, UK"
"489","131, St Leonards Street, Leonards RD, Poplar, E14, London, UK"
"490","Deptford Church Street, SE8, London, UK"
"491","Emmott Street E1, London, UK"
"492","Molassine Wharf, Greenwich, SE, London, UK"
"493","Molassine Wharf, Greenwich, SE, London, UK"
"494","A Yard Millwall Docks, E14, London, UK"
"495","Newcross Gate Railway Station, Newcross, SE14, London, UK"
"496","1-6 Old Field Road, Rotherine, Se16, London, UK"
"497","103 Skidmore Street, Stepney E1, London, UK"
"498","30 East Ferry Road, Cubitt Town, E14, London, UK"
"499","Grace Street, Bromley, E3, London, UK"
"500","14 Talwin Street, Bromley E3, London, UK"
